<?xml version="1.0" encoding="UTF-8" standalone="no"?>
<module code="GINF33">
    <etudiant CIN="k19006310" CNE="P19006326" code_apogée="19006326">
        <Nom>ABASSI</Nom>
        <Prénom>YASSER</Prénom>
        <Lieu_Naissance>TANGER</Lieu_Naissance>
        <Date_Naissance>
            <day>19</day>
            <month>11</month>
            <year>2001</year>
        </Date_Naissance>
        
    <note module_code="GINF33" module_name="Modelisation orientée objet et IHM">
                <note_elm elm_name="Modelisation orientée objet UML" poid="1">19.0</note_elm>
                <note_elm elm_name="IHM" poid="1">19.0</note_elm>
                <note_elm elm_name="Cycle de Vie logiciel" poid="1">19.0</note_elm>
            </note></etudiant><etudiant CIN="k19006311" CNE="P19005881" code_apogée="19005881">
        <Nom>ALAMI-OUAHABI</Nom>
        <Prénom>LOUAY</Prénom>
        <Lieu_Naissance>TANGER</Lieu_Naissance>
        <Date_Naissance>
            <day>11</day>
            <month>1</month>
            <year>2002</year>
        </Date_Naissance>
        
    <note module_code="GINF33" module_name="Modelisation orientée objet et IHM">
                <note_elm elm_name="Modelisation orientée objet UML" poid="1">13.0</note_elm>
                <note_elm elm_name="IHM" poid="1">13.0</note_elm>
                <note_elm elm_name="Cycle de Vie logiciel" poid="1">18.0</note_elm>
            </note></etudiant><etudiant CIN="k19006312" CNE="P18008781" code_apogée="18008781">
        <Nom>AMAATI</Nom>
        <Prénom>ZAKARIAE</Prénom>
        <Lieu_Naissance>TANGER</Lieu_Naissance>
        <Date_Naissance>
            <day>17</day>
            <month>12</month>
            <year>2000</year>
        </Date_Naissance>
        
    <note module_code="GINF33" module_name="Modelisation orientée objet et IHM">
                <note_elm elm_name="Modelisation orientée objet UML" poid="1">17.0</note_elm>
                <note_elm elm_name="IHM" poid="1">14.0</note_elm>
                <note_elm elm_name="Cycle de Vie logiciel" poid="1">17.0</note_elm>
            </note></etudiant><etudiant CIN="k19006313" CNE="P19006363" code_apogée="19006363">
        <Nom>AMAMI</Nom>
        <Prénom>YASSIR</Prénom>
        <Lieu_Naissance>TANGER</Lieu_Naissance>
        <Date_Naissance>
            <day>6</day>
            <month>3</month>
            <year>2002</year>
        </Date_Naissance>
        
    <note module_code="GINF33" module_name="Modelisation orientée objet et IHM">
                <note_elm elm_name="Modelisation orientée objet UML" poid="1">19.0</note_elm>
                <note_elm elm_name="IHM" poid="1">17.0</note_elm>
                <note_elm elm_name="Cycle de Vie logiciel" poid="1">10.0</note_elm>
            </note></etudiant><etudiant CIN="k19006314" CNE="R19006293" code_apogée="19006293">
        <Nom>ASSADI</Nom>
        <Prénom>MOUAD</Prénom>
        <Lieu_Naissance>RABAT</Lieu_Naissance>
        <Date_Naissance>
            <day>11</day>
            <month>10</month>
            <year>2001</year>
        </Date_Naissance>
        
    <note module_code="GINF33" module_name="Modelisation orientée objet et IHM">
                <note_elm elm_name="Modelisation orientée objet UML" poid="1">18.0</note_elm>
                <note_elm elm_name="IHM" poid="1">15.0</note_elm>
                <note_elm elm_name="Cycle de Vie logiciel" poid="1">12.0</note_elm>
            </note></etudiant><etudiant CIN="k19006315" CNE="P19007310" code_apogée="19007310">
        <Nom>ATYQ</Nom>
        <Prénom>AMINE</Prénom>
        <Lieu_Naissance>TANGER</Lieu_Naissance>
        <Date_Naissance>
            <day>2</day>
            <month>7</month>
            <year>2001</year>
        </Date_Naissance>
        
    <note module_code="GINF33" module_name="Modelisation orientée objet et IHM">
                <note_elm elm_name="Modelisation orientée objet UML" poid="1">17.0</note_elm>
                <note_elm elm_name="IHM" poid="1">15.0</note_elm>
                <note_elm elm_name="Cycle de Vie logiciel" poid="1">19.0</note_elm>
            </note></etudiant><etudiant CIN="k19006316" CNE="P19005697" code_apogée="19005697">
        <Nom>BELAFKI</Nom>
        <Prénom>YASSINE</Prénom>
        <Lieu_Naissance>TANGER</Lieu_Naissance>
        <Date_Naissance>
            <day>26</day>
            <month>12</month>
            <year>2001</year>
        </Date_Naissance>
        
    <note module_code="GINF33" module_name="Modelisation orientée objet et IHM">
                <note_elm elm_name="Modelisation orientée objet UML" poid="1">14.0</note_elm>
                <note_elm elm_name="IHM" poid="1">19.0</note_elm>
                <note_elm elm_name="Cycle de Vie logiciel" poid="1">18.0</note_elm>
            </note></etudiant><etudiant CIN="k19006317" CNE="R19006369" code_apogée="19006369">
        <Nom>BELKENTAOUI</Nom>
        <Prénom>OMAR</Prénom>
        <Lieu_Naissance>RABAT</Lieu_Naissance>
        <Date_Naissance>
            <day>2</day>
            <month>6</month>
            <year>2001</year>
        </Date_Naissance>
        
    <note module_code="GINF33" module_name="Modelisation orientée objet et IHM">
                <note_elm elm_name="Modelisation orientée objet UML" poid="1">14.0</note_elm>
                <note_elm elm_name="IHM" poid="1">15.0</note_elm>
                <note_elm elm_name="Cycle de Vie logiciel" poid="1">11.0</note_elm>
            </note></etudiant><etudiant CIN="k19006318" CNE="P19006902" code_apogée="19006902">
        <Nom>BENAFITOU</Nom>
        <Prénom>ASMAE</Prénom>
        <Lieu_Naissance>TANGER</Lieu_Naissance>
        <Date_Naissance>
            <day>8</day>
            <month>7</month>
            <year>2001</year>
        </Date_Naissance>
        
    <note module_code="GINF33" module_name="Modelisation orientée objet et IHM">
                <note_elm elm_name="Modelisation orientée objet UML" poid="1">16.0</note_elm>
                <note_elm elm_name="IHM" poid="1">14.0</note_elm>
                <note_elm elm_name="Cycle de Vie logiciel" poid="1">16.0</note_elm>
            </note></etudiant><etudiant CIN="k19006319" CNE="P17003879" code_apogée="17003879">
        <Nom>BOUARFA</Nom>
        <Prénom>RIME</Prénom>
        <Lieu_Naissance>TANGER</Lieu_Naissance>
        <Date_Naissance>
            <day>20</day>
            <month>7</month>
            <year>1996</year>
        </Date_Naissance>
        
    <note module_code="GINF33" module_name="Modelisation orientée objet et IHM">
                <note_elm elm_name="Modelisation orientée objet UML" poid="1">13.0</note_elm>
                <note_elm elm_name="IHM" poid="1">15.0</note_elm>
                <note_elm elm_name="Cycle de Vie logiciel" poid="1">10.0</note_elm>
            </note></etudiant><etudiant CIN="k19006320" CNE="P18002279" code_apogée="18002279">
        <Nom>BOUDAN</Nom>
        <Prénom>AHMED</Prénom>
        <Lieu_Naissance>TANGER</Lieu_Naissance>
        <Date_Naissance>
            <day>4</day>
            <month>10</month>
            <year>2000</year>
        </Date_Naissance>
        
    <note module_code="GINF33" module_name="Modelisation orientée objet et IHM">
                <note_elm elm_name="Modelisation orientée objet UML" poid="1">11.0</note_elm>
                <note_elm elm_name="IHM" poid="1">15.0</note_elm>
                <note_elm elm_name="Cycle de Vie logiciel" poid="1">18.0</note_elm>
            </note></etudiant><etudiant CIN="k19006321" CNE="P18008817" code_apogée="18008817">
        <Nom>BOULOUQAT</Nom>
        <Prénom>JAWAD</Prénom>
        <Lieu_Naissance>TANGER</Lieu_Naissance>
        <Date_Naissance>
            <day>11</day>
            <month>7</month>
            <year>2000</year>
        </Date_Naissance>
        
    <note module_code="GINF33" module_name="Modelisation orientée objet et IHM">
                <note_elm elm_name="Modelisation orientée objet UML" poid="1">20.0</note_elm>
                <note_elm elm_name="IHM" poid="1">14.0</note_elm>
                <note_elm elm_name="Cycle de Vie logiciel" poid="1">18.0</note_elm>
            </note></etudiant><etudiant CIN="k19006322" CNE="P18002575" code_apogée="18002575">
        <Nom>BOUSLIM</Nom>
        <Prénom>KAOUTHAR</Prénom>
        <Lieu_Naissance>TANGER</Lieu_Naissance>
        <Date_Naissance>
            <day>12</day>
            <month>10</month>
            <year>2001</year>
        </Date_Naissance>
        
    <note module_code="GINF33" module_name="Modelisation orientée objet et IHM">
                <note_elm elm_name="Modelisation orientée objet UML" poid="1">11.0</note_elm>
                <note_elm elm_name="IHM" poid="1">12.0</note_elm>
                <note_elm elm_name="Cycle de Vie logiciel" poid="1">16.0</note_elm>
            </note></etudiant><etudiant CIN="k19006323" CNE="R19006299" code_apogée="19006299">
        <Nom>CHAOUI</Nom>
        <Prénom>NAHID</Prénom>
        <Lieu_Naissance>RABAT</Lieu_Naissance>
        <Date_Naissance>
            <day>15</day>
            <month>10</month>
            <year>2001</year>
        </Date_Naissance>
        
    <note module_code="GINF33" module_name="Modelisation orientée objet et IHM">
                <note_elm elm_name="Modelisation orientée objet UML" poid="1">14.0</note_elm>
                <note_elm elm_name="IHM" poid="1">19.0</note_elm>
                <note_elm elm_name="Cycle de Vie logiciel" poid="1">18.0</note_elm>
            </note></etudiant><etudiant CIN="k19006324" CNE="P19006311" code_apogée="19006311">
        <Nom>CHERRAT</Nom>
        <Prénom>KHOULOUD</Prénom>
        <Lieu_Naissance>TANGER</Lieu_Naissance>
        <Date_Naissance>
            <day>26</day>
            <month>9</month>
            <year>2000</year>
        </Date_Naissance>
        
    <note module_code="GINF33" module_name="Modelisation orientée objet et IHM">
                <note_elm elm_name="Modelisation orientée objet UML" poid="1">12.0</note_elm>
                <note_elm elm_name="IHM" poid="1">4.0</note_elm>
                <note_elm elm_name="Cycle de Vie logiciel" poid="1">19.0</note_elm>
            </note></etudiant><etudiant CIN="k19006325" CNE="P19005687" code_apogée="19005687">
        <Nom>DIDI</Nom>
        <Prénom>ABDELLAH</Prénom>
        <Lieu_Naissance>TANGER</Lieu_Naissance>
        <Date_Naissance>
            <day>20</day>
            <month>10</month>
            <year>2001</year>
        </Date_Naissance>
        
    <note module_code="GINF33" module_name="Modelisation orientée objet et IHM">
                <note_elm elm_name="Modelisation orientée objet UML" poid="1">13.0</note_elm>
                <note_elm elm_name="IHM" poid="1">20.0</note_elm>
                <note_elm elm_name="Cycle de Vie logiciel" poid="1">8.0</note_elm>
            </note></etudiant><etudiant CIN="k19006326" CNE="P19006316" code_apogée="19006316">
        <Nom>DKHISSI</Nom>
        <Prénom>ZAKARIA</Prénom>
        <Lieu_Naissance>TANGER</Lieu_Naissance>
        <Date_Naissance>
            <day>18</day>
            <month>9</month>
            <year>2001</year>
        </Date_Naissance>
        
    <note module_code="GINF33" module_name="Modelisation orientée objet et IHM">
                <note_elm elm_name="Modelisation orientée objet UML" poid="1">9.0</note_elm>
                <note_elm elm_name="IHM" poid="1">7.0</note_elm>
                <note_elm elm_name="Cycle de Vie logiciel" poid="1">13.0</note_elm>
            </note></etudiant><etudiant CIN="k19006327" CNE="P19006784" code_apogée="19006784">
        <Nom>EJJALILI</Nom>
        <Prénom>MOHAMMED AMINE</Prénom>
        <Lieu_Naissance>TANGER</Lieu_Naissance>
        <Date_Naissance>
            <day>13</day>
            <month>1</month>
            <year>2000</year>
        </Date_Naissance>
        
    <note module_code="GINF33" module_name="Modelisation orientée objet et IHM">
                <note_elm elm_name="Modelisation orientée objet UML" poid="1">18.0</note_elm>
                <note_elm elm_name="IHM" poid="1">17.0</note_elm>
                <note_elm elm_name="Cycle de Vie logiciel" poid="1">9.0</note_elm>
            </note></etudiant><etudiant CIN="k19006328" CNE="P18003942" code_apogée="18003942">
        <Nom>EL ARROUD</Nom>
        <Prénom>OMAR</Prénom>
        <Lieu_Naissance>TANGER</Lieu_Naissance>
        <Date_Naissance>
            <day>13</day>
            <month>12</month>
            <year>2001</year>
        </Date_Naissance>
        
    <note module_code="GINF33" module_name="Modelisation orientée objet et IHM">
                <note_elm elm_name="Modelisation orientée objet UML" poid="1">12.0</note_elm>
                <note_elm elm_name="IHM" poid="1">17.0</note_elm>
                <note_elm elm_name="Cycle de Vie logiciel" poid="1">6.0</note_elm>
            </note></etudiant><etudiant CIN="k19006329" CNE="P19006307" code_apogée="19006307">
        <Nom>EL BOUZAYANI</Nom>
        <Prénom>ABIR</Prénom>
        <Lieu_Naissance>TANGER</Lieu_Naissance>
        <Date_Naissance>
            <day>9</day>
            <month>1</month>
            <year>2002</year>
        </Date_Naissance>
        
    <note module_code="GINF33" module_name="Modelisation orientée objet et IHM">
                <note_elm elm_name="Modelisation orientée objet UML" poid="1">12.0</note_elm>
                <note_elm elm_name="IHM" poid="1">4.0</note_elm>
                <note_elm elm_name="Cycle de Vie logiciel" poid="1">16.0</note_elm>
            </note></etudiant><etudiant CIN="k19006330" CNE="P19006087" code_apogée="19006087">
        <Nom>EL HAJJAJ</Nom>
        <Prénom>HOUDA</Prénom>
        <Lieu_Naissance>TANGER</Lieu_Naissance>
        <Date_Naissance>
            <day>23</day>
            <month>3</month>
            <year>1999</year>
        </Date_Naissance>
        
    <note module_code="GINF33" module_name="Modelisation orientée objet et IHM">
                <note_elm elm_name="Modelisation orientée objet UML" poid="1">20.0</note_elm>
                <note_elm elm_name="IHM" poid="1">17.0</note_elm>
                <note_elm elm_name="Cycle de Vie logiciel" poid="1">18.0</note_elm>
            </note></etudiant><etudiant CIN="k19006331" CNE="P18009626" code_apogée="18009626">
        <Nom>EL KANFAOUY</Nom>
        <Prénom>AICHA</Prénom>
        <Lieu_Naissance>TANGER</Lieu_Naissance>
        <Date_Naissance>
            <day>25</day>
            <month>10</month>
            <year>2000</year>
        </Date_Naissance>
        
    <note module_code="GINF33" module_name="Modelisation orientée objet et IHM">
                <note_elm elm_name="Modelisation orientée objet UML" poid="1">11.0</note_elm>
                <note_elm elm_name="IHM" poid="1">15.0</note_elm>
                <note_elm elm_name="Cycle de Vie logiciel" poid="1">17.0</note_elm>
            </note></etudiant><etudiant CIN="k19006332" CNE="P19006328" code_apogée="19006328">
        <Nom>EL MANSOURI</Nom>
        <Prénom>MARYEM</Prénom>
        <Lieu_Naissance>TANGER</Lieu_Naissance>
        <Date_Naissance>
            <day>30</day>
            <month>12</month>
            <year>2000</year>
        </Date_Naissance>
        
    <note module_code="GINF33" module_name="Modelisation orientée objet et IHM">
                <note_elm elm_name="Modelisation orientée objet UML" poid="1">15.0</note_elm>
                <note_elm elm_name="IHM" poid="1">11.0</note_elm>
                <note_elm elm_name="Cycle de Vie logiciel" poid="1">18.0</note_elm>
            </note></etudiant><etudiant CIN="k19006333" CNE="P18009629" code_apogée="18009629">
        <Nom>EL OUALYDY</Nom>
        <Prénom>CHADIA</Prénom>
        <Lieu_Naissance>TANGER</Lieu_Naissance>
        <Date_Naissance>
            <day>28</day>
            <month>11</month>
            <year>2000</year>
        </Date_Naissance>
        
    <note module_code="GINF33" module_name="Modelisation orientée objet et IHM">
                <note_elm elm_name="Modelisation orientée objet UML" poid="1">16.0</note_elm>
                <note_elm elm_name="IHM" poid="1">14.0</note_elm>
                <note_elm elm_name="Cycle de Vie logiciel" poid="1">12.0</note_elm>
            </note></etudiant><etudiant CIN="k19006334" CNE="R19006579" code_apogée="19006579">
        <Nom>EL OUIZGANY</Nom>
        <Prénom>MOHAMED</Prénom>
        <Lieu_Naissance>FES</Lieu_Naissance>
        <Date_Naissance>
            <day>22</day>
            <month>10</month>
            <year>2001</year>
        </Date_Naissance>
        
    <note module_code="GINF33" module_name="Modelisation orientée objet et IHM">
                <note_elm elm_name="Modelisation orientée objet UML" poid="1">20.0</note_elm>
                <note_elm elm_name="IHM" poid="1">11.0</note_elm>
                <note_elm elm_name="Cycle de Vie logiciel" poid="1">10.0</note_elm>
            </note></etudiant><etudiant CIN="k19006335" CNE="P19005657" code_apogée="19005657">
        <Nom>ELJOUNAIDI</Nom>
        <Prénom>ASSYA</Prénom>
        <Lieu_Naissance>TANGER</Lieu_Naissance>
        <Date_Naissance>
            <day>20</day>
            <month>7</month>
            <year>1999</year>
        </Date_Naissance>
        
    <note module_code="GINF33" module_name="Modelisation orientée objet et IHM">
                <note_elm elm_name="Modelisation orientée objet UML" poid="1">17.0</note_elm>
                <note_elm elm_name="IHM" poid="1">13.0</note_elm>
                <note_elm elm_name="Cycle de Vie logiciel" poid="1">17.0</note_elm>
            </note></etudiant><etudiant CIN="k19006336" CNE="P19006139" code_apogée="19006139">
        <Nom>ERGHOUT</Nom>
        <Prénom>MOUAD</Prénom>
        <Lieu_Naissance>TANGER</Lieu_Naissance>
        <Date_Naissance>
            <day>30</day>
            <month>11</month>
            <year>2000</year>
        </Date_Naissance>
        
    <note module_code="GINF33" module_name="Modelisation orientée objet et IHM">
                <note_elm elm_name="Modelisation orientée objet UML" poid="1">10.0</note_elm>
                <note_elm elm_name="IHM" poid="1">15.0</note_elm>
                <note_elm elm_name="Cycle de Vie logiciel" poid="1">12.0</note_elm>
            </note></etudiant><etudiant CIN="k19006337" CNE="P18008656" code_apogée="18008656">
        <Nom>ESSABAR</Nom>
        <Prénom>SALMA</Prénom>
        <Lieu_Naissance>TANGER</Lieu_Naissance>
        <Date_Naissance>
            <day>30</day>
            <month>5</month>
            <year>2001</year>
        </Date_Naissance>
        
    <note module_code="GINF33" module_name="Modelisation orientée objet et IHM">
                <note_elm elm_name="Modelisation orientée objet UML" poid="1">16.0</note_elm>
                <note_elm elm_name="IHM" poid="1">11.0</note_elm>
                <note_elm elm_name="Cycle de Vie logiciel" poid="1">16.0</note_elm>
            </note></etudiant><etudiant CIN="k19006338" CNE="R19006809" code_apogée="19006809">
        <Nom>FADIL</Nom>
        <Prénom>OUSSAMA</Prénom>
        <Lieu_Naissance>FES</Lieu_Naissance>
        <Date_Naissance>
            <day>19</day>
            <month>11</month>
            <year>2001</year>
        </Date_Naissance>
        
    <note module_code="GINF33" module_name="Modelisation orientée objet et IHM">
                <note_elm elm_name="Modelisation orientée objet UML" poid="1">14.0</note_elm>
                <note_elm elm_name="IHM" poid="1">10.0</note_elm>
                <note_elm elm_name="Cycle de Vie logiciel" poid="1">13.0</note_elm>
            </note></etudiant><etudiant CIN="k19006339" CNE="P18003773" code_apogée="18003773">
        <Nom>FAZAZI</Nom>
        <Prénom>ABDERRAHIM</Prénom>
        <Lieu_Naissance>TANGER</Lieu_Naissance>
        <Date_Naissance>
            <day>11</day>
            <month>1</month>
            <year>2002</year>
        </Date_Naissance>
        
    <note module_code="GINF33" module_name="Modelisation orientée objet et IHM">
                <note_elm elm_name="Modelisation orientée objet UML" poid="1">20.0</note_elm>
                <note_elm elm_name="IHM" poid="1">13.0</note_elm>
                <note_elm elm_name="Cycle de Vie logiciel" poid="1">10.0</note_elm>
            </note></etudiant><etudiant CIN="k19006340" CNE="P18008668" code_apogée="18008668">
        <Nom>FERD</Nom>
        <Prénom>IKRAM</Prénom>
        <Lieu_Naissance>TANGER</Lieu_Naissance>
        <Date_Naissance>
            <day>17</day>
            <month>12</month>
            <year>2000</year>
        </Date_Naissance>
        
    <note module_code="GINF33" module_name="Modelisation orientée objet et IHM">
                <note_elm elm_name="Modelisation orientée objet UML" poid="1">10.0</note_elm>
                <note_elm elm_name="IHM" poid="1">14.0</note_elm>
                <note_elm elm_name="Cycle de Vie logiciel" poid="1">17.0</note_elm>
            </note></etudiant><etudiant CIN="k19006341" CNE="P19005848" code_apogée="19005848">
        <Nom>GUEMMAR</Nom>
        <Prénom>OUSSAMA</Prénom>
        <Lieu_Naissance>TANGER</Lieu_Naissance>
        <Date_Naissance>
            <day>6</day>
            <month>3</month>
            <year>2002</year>
        </Date_Naissance>
        
    <note module_code="GINF33" module_name="Modelisation orientée objet et IHM">
                <note_elm elm_name="Modelisation orientée objet UML" poid="1">5.0</note_elm>
                <note_elm elm_name="IHM" poid="1">15.0</note_elm>
                <note_elm elm_name="Cycle de Vie logiciel" poid="1">8.0</note_elm>
            </note></etudiant><etudiant CIN="k19006342" CNE="P18008766" code_apogée="18008766">
        <Nom>HACHGUER</Nom>
        <Prénom>MOHAMED</Prénom>
        <Lieu_Naissance>TANGER</Lieu_Naissance>
        <Date_Naissance>
            <day>11</day>
            <month>10</month>
            <year>2001</year>
        </Date_Naissance>
        
    <note module_code="GINF33" module_name="Modelisation orientée objet et IHM">
                <note_elm elm_name="Modelisation orientée objet UML" poid="1">11.0</note_elm>
                <note_elm elm_name="IHM" poid="1">15.0</note_elm>
                <note_elm elm_name="Cycle de Vie logiciel" poid="1">18.0</note_elm>
            </note></etudiant><etudiant CIN="k19006343" CNE="P19005701" code_apogée="19005701">
        <Nom>HAJLI</Nom>
        <Prénom>ZAKARIA</Prénom>
        <Lieu_Naissance>TANGER</Lieu_Naissance>
        <Date_Naissance>
            <day>2</day>
            <month>7</month>
            <year>2001</year>
        </Date_Naissance>
        
    <note module_code="GINF33" module_name="Modelisation orientée objet et IHM">
                <note_elm elm_name="Modelisation orientée objet UML" poid="1">8.0</note_elm>
                <note_elm elm_name="IHM" poid="1">14.0</note_elm>
                <note_elm elm_name="Cycle de Vie logiciel" poid="1">8.0</note_elm>
            </note></etudiant><etudiant CIN="k19006344" CNE="R19006346" code_apogée="19006346">
        <Nom>HMAMOUCHI</Nom>
        <Prénom>MAYSAE</Prénom>
        <Lieu_Naissance>RABAT</Lieu_Naissance>
        <Date_Naissance>
            <day>26</day>
            <month>12</month>
            <year>2001</year>
        </Date_Naissance>
        
    <note module_code="GINF33" module_name="Modelisation orientée objet et IHM">
                <note_elm elm_name="Modelisation orientée objet UML" poid="1">13.0</note_elm>
                <note_elm elm_name="IHM" poid="1">11.0</note_elm>
                <note_elm elm_name="Cycle de Vie logiciel" poid="1">5.0</note_elm>
            </note></etudiant><etudiant CIN="k19006345" CNE="P18011660" code_apogée="18011660">
        <Nom>IBRAHIM HASSAN</Nom>
        <Prénom>ABOUBAKER</Prénom>
        <Lieu_Naissance>TANGER</Lieu_Naissance>
        <Date_Naissance>
            <day>2</day>
            <month>6</month>
            <year>2001</year>
        </Date_Naissance>
        
    <note module_code="GINF33" module_name="Modelisation orientée objet et IHM">
                <note_elm elm_name="Modelisation orientée objet UML" poid="1">8.0</note_elm>
                <note_elm elm_name="IHM" poid="1">8.0</note_elm>
                <note_elm elm_name="Cycle de Vie logiciel" poid="1">14.0</note_elm>
            </note></etudiant><etudiant CIN="k19006346" CNE="P19005885" code_apogée="19005885">
        <Nom>IBRAHIMI</Nom>
        <Prénom>OUIAM</Prénom>
        <Lieu_Naissance>TANGER</Lieu_Naissance>
        <Date_Naissance>
            <day>8</day>
            <month>7</month>
            <year>2001</year>
        </Date_Naissance>
        
    <note module_code="GINF33" module_name="Modelisation orientée objet et IHM">
                <note_elm elm_name="Modelisation orientée objet UML" poid="1">15.0</note_elm>
                <note_elm elm_name="IHM" poid="1">19.0</note_elm>
                <note_elm elm_name="Cycle de Vie logiciel" poid="1">14.0</note_elm>
            </note></etudiant><etudiant CIN="k19006347" CNE="P19005552" code_apogée="19005552">
        <Nom>ID ALI OUISAID</Nom>
        <Prénom>AYMANE</Prénom>
        <Lieu_Naissance>TANGER</Lieu_Naissance>
        <Date_Naissance>
            <day>20</day>
            <month>7</month>
            <year>1996</year>
        </Date_Naissance>
        
    <note module_code="GINF33" module_name="Modelisation orientée objet et IHM">
                <note_elm elm_name="Modelisation orientée objet UML" poid="1">16.0</note_elm>
                <note_elm elm_name="IHM" poid="1">13.0</note_elm>
                <note_elm elm_name="Cycle de Vie logiciel" poid="1">12.0</note_elm>
            </note></etudiant><etudiant CIN="k19006348" CNE="R19005743" code_apogée="19005743">
        <Nom>IDALIN</Nom>
        <Prénom>SOHAIB</Prénom>
        <Lieu_Naissance>CASABLANCA</Lieu_Naissance>
        <Date_Naissance>
            <day>4</day>
            <month>10</month>
            <year>2000</year>
        </Date_Naissance>
        
    <note module_code="GINF33" module_name="Modelisation orientée objet et IHM">
                <note_elm elm_name="Modelisation orientée objet UML" poid="1">18.0</note_elm>
                <note_elm elm_name="IHM" poid="1">12.0</note_elm>
                <note_elm elm_name="Cycle de Vie logiciel" poid="1">10.0</note_elm>
            </note></etudiant><etudiant CIN="k19006349" CNE="P19006837" code_apogée="19006837">
        <Nom>JELLOULI</Nom>
        <Prénom>YASSINE</Prénom>
        <Lieu_Naissance>TANGER</Lieu_Naissance>
        <Date_Naissance>
            <day>11</day>
            <month>7</month>
            <year>2000</year>
        </Date_Naissance>
        
    <note module_code="GINF33" module_name="Modelisation orientée objet et IHM">
                <note_elm elm_name="Modelisation orientée objet UML" poid="1">16.0</note_elm>
                <note_elm elm_name="IHM" poid="1">11.0</note_elm>
                <note_elm elm_name="Cycle de Vie logiciel" poid="1">10.0</note_elm>
            </note></etudiant><etudiant CIN="k19006350" CNE="P20010864" code_apogée="20010864">
        <Nom>KASMANE</Nom>
        <Prénom>GHITA</Prénom>
        <Lieu_Naissance>TANGER</Lieu_Naissance>
        <Date_Naissance>
            <day>12</day>
            <month>10</month>
            <year>2001</year>
        </Date_Naissance>
        
    <note module_code="GINF33" module_name="Modelisation orientée objet et IHM">
                <note_elm elm_name="Modelisation orientée objet UML" poid="1">16.0</note_elm>
                <note_elm elm_name="IHM" poid="1">17.0</note_elm>
                <note_elm elm_name="Cycle de Vie logiciel" poid="1">19.0</note_elm>
            </note></etudiant><etudiant CIN="k19006351" CNE="P19006664" code_apogée="19006664">
        <Nom>KHABAR</Nom>
        <Prénom>ACHRAF</Prénom>
        <Lieu_Naissance>TANGER</Lieu_Naissance>
        <Date_Naissance>
            <day>15</day>
            <month>10</month>
            <year>2001</year>
        </Date_Naissance>
        
    <note module_code="GINF33" module_name="Modelisation orientée objet et IHM">
                <note_elm elm_name="Modelisation orientée objet UML" poid="1">10.0</note_elm>
                <note_elm elm_name="IHM" poid="1">11.0</note_elm>
                <note_elm elm_name="Cycle de Vie logiciel" poid="1">13.0</note_elm>
            </note></etudiant><etudiant CIN="k19006352" CNE="P19006542" code_apogée="19006542">
        <Nom>KHAYAT</Nom>
        <Prénom>ILIASS</Prénom>
        <Lieu_Naissance>TANGER</Lieu_Naissance>
        <Date_Naissance>
            <day>26</day>
            <month>9</month>
            <year>2000</year>
        </Date_Naissance>
        
    <note module_code="GINF33" module_name="Modelisation orientée objet et IHM">
                <note_elm elm_name="Modelisation orientée objet UML" poid="1">17.0</note_elm>
                <note_elm elm_name="IHM" poid="1">18.0</note_elm>
                <note_elm elm_name="Cycle de Vie logiciel" poid="1">12.0</note_elm>
            </note></etudiant><etudiant CIN="k19006353" CNE="P19005696" code_apogée="19005696">
        <Nom>LAABIDI</Nom>
        <Prénom>KHAWLA</Prénom>
        <Lieu_Naissance>TANGER</Lieu_Naissance>
        <Date_Naissance>
            <day>20</day>
            <month>10</month>
            <year>2001</year>
        </Date_Naissance>
        
    <note module_code="GINF33" module_name="Modelisation orientée objet et IHM">
                <note_elm elm_name="Modelisation orientée objet UML" poid="1">14.0</note_elm>
                <note_elm elm_name="IHM" poid="1">18.0</note_elm>
                <note_elm elm_name="Cycle de Vie logiciel" poid="1">11.0</note_elm>
            </note></etudiant><etudiant CIN="k19006354" CNE="R19005741" code_apogée="19005741">
        <Nom>LAGZAL</Nom>
        <Prénom>MOHAMED</Prénom>
        <Lieu_Naissance>CASABLANCA</Lieu_Naissance>
        <Date_Naissance>
            <day>18</day>
            <month>9</month>
            <year>2001</year>
        </Date_Naissance>
        
    <note module_code="GINF33" module_name="Modelisation orientée objet et IHM">
                <note_elm elm_name="Modelisation orientée objet UML" poid="1">11.0</note_elm>
                <note_elm elm_name="IHM" poid="1">13.0</note_elm>
                <note_elm elm_name="Cycle de Vie logiciel" poid="1">18.0</note_elm>
            </note></etudiant><etudiant CIN="k19006355" CNE="P19005906" code_apogée="19005906">
        <Nom>MESAOURI DEBOUN</Nom>
        <Prénom>BILAL</Prénom>
        <Lieu_Naissance>TANGER</Lieu_Naissance>
        <Date_Naissance>
            <day>13</day>
            <month>1</month>
            <year>2000</year>
        </Date_Naissance>
        
    <note module_code="GINF33" module_name="Modelisation orientée objet et IHM">
                <note_elm elm_name="Modelisation orientée objet UML" poid="1">10.0</note_elm>
                <note_elm elm_name="IHM" poid="1">17.0</note_elm>
                <note_elm elm_name="Cycle de Vie logiciel" poid="1">13.0</note_elm>
            </note></etudiant><etudiant CIN="k19006356" CNE="P18006931" code_apogée="18006931">
        <Nom>MOHAMMADINE</Nom>
        <Prénom>DOHA</Prénom>
        <Lieu_Naissance>TANGER</Lieu_Naissance>
        <Date_Naissance>
            <day>13</day>
            <month>12</month>
            <year>2001</year>
        </Date_Naissance>
        
    <note module_code="GINF33" module_name="Modelisation orientée objet et IHM">
                <note_elm elm_name="Modelisation orientée objet UML" poid="1">7.0</note_elm>
                <note_elm elm_name="IHM" poid="1">17.0</note_elm>
                <note_elm elm_name="Cycle de Vie logiciel" poid="1">15.0</note_elm>
            </note></etudiant><etudiant CIN="k19006357" CNE="R19013017" code_apogée="19013017">
        <Nom>NOBIME</Nom>
        <Prénom>SALOMON MERVEILLE</Prénom>
        <Lieu_Naissance>CASABLANCA</Lieu_Naissance>
        <Date_Naissance>
            <day>9</day>
            <month>1</month>
            <year>2002</year>
        </Date_Naissance>
        
    <note module_code="GINF33" module_name="Modelisation orientée objet et IHM">
                <note_elm elm_name="Modelisation orientée objet UML" poid="1">12.0</note_elm>
                <note_elm elm_name="IHM" poid="1">7.0</note_elm>
                <note_elm elm_name="Cycle de Vie logiciel" poid="1">11.0</note_elm>
            </note></etudiant><etudiant CIN="k19006358" CNE="P19013642" code_apogée="19013642">
        <Nom>NOROHANITRINIAINA</Nom>
        <Prénom>JOELLA  STECY</Prénom>
        <Lieu_Naissance>TANGER</Lieu_Naissance>
        <Date_Naissance>
            <day>23</day>
            <month>3</month>
            <year>1999</year>
        </Date_Naissance>
        
    <note module_code="GINF33" module_name="Modelisation orientée objet et IHM">
                <note_elm elm_name="Modelisation orientée objet UML" poid="1">19.0</note_elm>
                <note_elm elm_name="IHM" poid="1">17.0</note_elm>
                <note_elm elm_name="Cycle de Vie logiciel" poid="1">10.0</note_elm>
            </note></etudiant><etudiant CIN="k19006359" CNE="P19005635" code_apogée="19005635">
        <Nom>OUAISSA</Nom>
        <Prénom>AYA</Prénom>
        <Lieu_Naissance>TANGER</Lieu_Naissance>
        <Date_Naissance>
            <day>25</day>
            <month>10</month>
            <year>2000</year>
        </Date_Naissance>
        
    <note module_code="GINF33" module_name="Modelisation orientée objet et IHM">
                <note_elm elm_name="Modelisation orientée objet UML" poid="1">14.0</note_elm>
                <note_elm elm_name="IHM" poid="1">12.0</note_elm>
                <note_elm elm_name="Cycle de Vie logiciel" poid="1">10.0</note_elm>
            </note></etudiant><etudiant CIN="k19006360" CNE="R18008736" code_apogée="18008736">
        <Nom>RACHED</Nom>
        <Prénom>WASSIM BASSEL</Prénom>
        <Lieu_Naissance>FES</Lieu_Naissance>
        <Date_Naissance>
            <day>30</day>
            <month>12</month>
            <year>2000</year>
        </Date_Naissance>
        
    <note module_code="GINF33" module_name="Modelisation orientée objet et IHM">
                <note_elm elm_name="Modelisation orientée objet UML" poid="1">13.0</note_elm>
                <note_elm elm_name="IHM" poid="1">14.0</note_elm>
                <note_elm elm_name="Cycle de Vie logiciel" poid="1">18.0</note_elm>
            </note></etudiant><etudiant CIN="k19006361" CNE="P19005644" code_apogée="19005644">
        <Nom>RAHABAT</Nom>
        <Prénom>OUMAYMA</Prénom>
        <Lieu_Naissance>TANGER</Lieu_Naissance>
        <Date_Naissance>
            <day>28</day>
            <month>11</month>
            <year>2000</year>
        </Date_Naissance>
        
    <note module_code="GINF33" module_name="Modelisation orientée objet et IHM">
                <note_elm elm_name="Modelisation orientée objet UML" poid="1">12.0</note_elm>
                <note_elm elm_name="IHM" poid="1">17.0</note_elm>
                <note_elm elm_name="Cycle de Vie logiciel" poid="1">15.0</note_elm>
            </note></etudiant><etudiant CIN="k19006362" CNE="P19012654" code_apogée="19012654">
        <Nom>RASOANIRINA HAINGOTIANA</Nom>
        <Prénom>JOACHIN ANISSA</Prénom>
        <Lieu_Naissance>TANGER</Lieu_Naissance>
        <Date_Naissance>
            <day>22</day>
            <month>10</month>
            <year>2001</year>
        </Date_Naissance>
        
    <note module_code="GINF33" module_name="Modelisation orientée objet et IHM">
                <note_elm elm_name="Modelisation orientée objet UML" poid="1">18.0</note_elm>
                <note_elm elm_name="IHM" poid="1">14.0</note_elm>
                <note_elm elm_name="Cycle de Vie logiciel" poid="1">14.0</note_elm>
            </note></etudiant><etudiant CIN="k19006363" CNE="R19006359" code_apogée="19006359">
        <Nom>RHONI AREF</Nom>
        <Prénom>LAILA</Prénom>
        <Lieu_Naissance>CASABLANCA</Lieu_Naissance>
        <Date_Naissance>
            <day>20</day>
            <month>7</month>
            <year>1999</year>
        </Date_Naissance>
        
    <note module_code="GINF33" module_name="Modelisation orientée objet et IHM">
                <note_elm elm_name="Modelisation orientée objet UML" poid="1">17.0</note_elm>
                <note_elm elm_name="IHM" poid="1">20.0</note_elm>
                <note_elm elm_name="Cycle de Vie logiciel" poid="1">12.0</note_elm>
            </note></etudiant><etudiant CIN="k19006364" CNE="P19006218" code_apogée="19006218">
        <Nom>SAMHI</Nom>
        <Prénom>FERDAOUSS</Prénom>
        <Lieu_Naissance>TANGER</Lieu_Naissance>
        <Date_Naissance>
            <day>30</day>
            <month>11</month>
            <year>2000</year>
        </Date_Naissance>
        
    <note module_code="GINF33" module_name="Modelisation orientée objet et IHM">
                <note_elm elm_name="Modelisation orientée objet UML" poid="1">15.0</note_elm>
                <note_elm elm_name="IHM" poid="1">18.0</note_elm>
                <note_elm elm_name="Cycle de Vie logiciel" poid="1">20.0</note_elm>
            </note></etudiant><etudiant CIN="k19006365" CNE="R12345678" code_apogée="12345678">
        <Nom>Rahmani</Nom>
        <Prénom>Mohammed</Prénom>
        <Lieu_Naissance>CASABLANCA</Lieu_Naissance>
        <Date_Naissance>
            <day>30</day>
            <month>5</month>
            <year>2001</year>
        </Date_Naissance>
        
    <note module_code="GINF33" module_name="Modelisation orientée objet et IHM">
                <note_elm elm_name="Modelisation orientée objet UML" poid="1">11.0</note_elm>
                <note_elm elm_name="IHM" poid="1">18.0</note_elm>
                <note_elm elm_name="Cycle de Vie logiciel" poid="1">16.0</note_elm>
            </note></etudiant></module>